{"roc_auc": 0.8529094827586207, "accuracy": 0.8524590163934426, "precision": 0.8709677419354839, "recall": 0.84375, "f1": 0.8571428571428571}