{"roc_auc": 0.8841594827586207, "accuracy": 0.8852459016393442, "precision": 0.8787878787878788, "recall": 0.90625, "f1": 0.8923076923076922}